City_ID,City,Lat,Lng,Max Temp,Humidity,Cloudiness,Wind Speed,Country,Date
0,waitangi,-43.9535,-176.5597,8.79,93,100,6.26,NZ,1696293617
1,rongelap,11.1635,166.8941,29.16,77,72,7.58,MH,1696293618
2,magadan,59.5667,150.8,10.85,77,35,3.13,RU,1696293618
3,jamestown,42.097,-79.2353,19.8,84,0,2.57,US,1696293618
4,hermanus,-34.4187,19.2345,14.67,87,0,2.6,ZA,1696293618
5,enewetak,11.3474,162.3373,28.49,78,100,5.07,MH,1696293619
6,grytviken,-54.2811,-36.5092,1.52,65,99,4.87,GS,1696293619
7,adamstown,-25.066,-130.1015,20.41,73,4,9.74,PN,1696293619
8,port mathurin,-19.6833,63.4167,23.53,80,15,7.07,MU,1696293619
9,uturoa,-16.7333,-151.4333,26.06,80,1,7.05,PF,1696293620
10,vorgashor,67.5833,63.95,0.99,82,100,7.97,RU,1696293620
11,pontianak,-0.0333,109.3333,25.99,88,20,2.06,ID,1696293620
12,port-aux-francais,-49.35,70.2167,2.23,74,82,15.38,TF,1696293612
13,san ignacio,17.1561,-89.0714,25.08,94,75,3.09,BZ,1696293620
14,chibuto,-24.6867,33.5306,14.72,75,0,1.57,MZ,1696293621
15,port blair,11.6667,92.75,25.02,94,100,2.57,IN,1696293621
16,kodiak,57.79,-152.4072,8.73,46,0,7.72,US,1696293350
17,zhangzhou,24.5133,117.6556,27.96,72,91,0.72,CN,1696293621
18,qaqortoq,60.7167,-46.0333,3.51,76,100,1.42,GL,1696293622
19,umm kaddadah,13.6017,26.6876,28.41,53,94,9.04,SD,1696293622
20,bakchar,57.0186,82.0711,3.77,90,5,3.19,RU,1696293622
21,la passe,45.5549,-0.8967,20.13,87,42,4.38,FR,1696293617
22,fale old settlement,-9.3852,-171.2468,28.48,73,100,5.77,TK,1696293622
23,ushuaia,-54.8,-68.3,6.81,57,40,3.09,AR,1696293623
24,petropavlovsk-kamchatsky,53.0452,158.6483,8.03,85,75,7.0,RU,1696293623
25,ghat,24.9647,10.1728,26.23,37,1,1.78,LY,1696293623
26,rocha,-34.4833,-54.3333,9.79,95,78,2.67,UY,1696293623
27,grand falls-windsor,48.9332,-55.6649,10.84,72,23,1.91,CA,1696293624
28,bredasdorp,-34.5322,20.0403,12.46,85,0,2.1,ZA,1696293624
29,edinburgh of the seven seas,-37.0676,-12.3116,10.03,58,75,10.0,SH,1696293624
30,ribeira grande,38.5167,-28.7,18.76,77,0,3.58,PT,1696293624
31,kismayo,-0.3582,42.5454,25.58,87,17,6.44,SO,1696293625
32,anadyr,64.75,177.4833,3.28,64,0,7.0,RU,1696293345
33,puerto natales,-51.7236,-72.4875,2.83,96,100,1.78,CL,1696293625
34,san sebastian de la gomera,28.0916,-17.1133,33.2,14,0,1.03,ES,1696293625
35,olonkinbyen,70.9221,-8.7187,2.97,84,79,7.29,SJ,1696293625
36,tarime,-1.35,34.3667,17.64,67,93,2.59,TZ,1696293626
37,blackmans bay,-43.0167,147.3167,20.07,63,44,4.74,AU,1696293626
38,vadso,70.0744,29.7487,0.49,100,40,2.57,NO,1696293626
39,chonchi,-42.6128,-73.8092,7.84,94,98,0.41,CL,1696293626
40,tazovsky,67.4667,78.7,7.45,94,99,6.87,RU,1696293627
41,princeville,45.7668,-61.2985,12.95,80,0,1.54,CA,1696293627
42,albany,42.6001,-73.9662,17.07,85,24,0.89,US,1696293413
43,yuzhno-kurilsk,44.0306,145.8556,14.65,74,40,8.31,RU,1696293627
44,leninskoye,41.7589,69.3864,13.83,32,0,1.83,KZ,1696293628
45,weno,7.4515,151.8468,30.97,79,75,1.54,FM,1696293628
46,afaahiti,-17.75,-149.2833,25.93,86,61,6.53,PF,1696293628
47,bethel,41.3712,-73.414,17.58,83,0,0.0,US,1696293624
48,margaret river,-33.95,115.0667,13.93,65,100,4.93,AU,1696293616
49,omdurman,15.6445,32.4777,34.23,28,0,4.56,SD,1696293629
50,newman,37.3138,-121.0208,25.99,33,9,3.58,US,1696293629
51,thompson,55.7435,-97.8558,6.09,93,100,2.06,CA,1696293468
52,turpan,42.9333,89.1667,22.12,28,100,2.19,CN,1696293629
53,ilulissat,69.2167,-51.1,-1.99,40,0,7.72,GL,1696293630
54,nieuw amsterdam,5.8833,-55.0833,29.09,78,20,1.03,SR,1696293630
55,papatowai,-46.5619,169.4708,12.6,42,5,2.74,NZ,1696293630
56,sur,22.5667,59.5289,29.89,46,16,2.41,OM,1696293631
57,cabo san lucas,22.8909,-109.9124,32.01,65,20,5.14,MX,1696293631
58,hawaiian paradise park,19.5933,-154.9731,26.04,83,100,6.69,US,1696293614
59,yellowknife,62.456,-114.3525,10.29,95,75,2.57,CA,1696293525
60,atafu village,-8.5421,-172.5159,28.73,74,13,4.18,TK,1696293632
61,mount pearl,47.5166,-52.7813,9.19,92,0,2.57,CA,1696293632
62,agua prieta,31.3,-109.5667,28.44,24,0,11.83,MX,1696293341
63,vernon,50.2581,-119.2691,14.78,80,100,0.51,CA,1696293632
64,ancud,-41.8697,-73.8203,6.82,71,99,0.78,CL,1696293632
65,iskateley,67.6803,53.1512,3.9,78,76,9.39,RU,1696293633
66,port lincoln,-34.7333,135.8667,14.94,58,75,8.51,AU,1696293378
67,rikaze,29.25,88.8833,11.6,53,18,0.21,CN,1696293633
68,vila franca do campo,37.7167,-25.4333,20.23,99,29,4.66,PT,1696293434
69,pangoa,-12.1167,-73.0,22.15,97,100,1.29,PE,1696293634
70,constantia,44.1833,28.65,13.38,54,0,4.93,RO,1696293611
71,masterton,-40.9597,175.6575,9.38,58,90,5.74,NZ,1696293634
72,kingston,17.997,-76.7936,27.53,94,40,1.03,JM,1696293557
73,ust-nera,64.5667,143.2,1.79,68,29,1.34,RU,1696293635
74,tiksi,71.6872,128.8694,-2.32,80,95,7.75,RU,1696293614
75,vredendal,-31.6683,18.5012,15.23,74,0,1.51,ZA,1696293635
76,tamazulapam villa del progreso,17.6806,-97.5689,16.66,88,69,2.08,MX,1696293635
77,shengli,37.4564,118.4856,22.54,45,27,2.77,CN,1696293636
78,aykhal,66.0,111.5,-7.74,91,95,3.13,RU,1696293636
79,zouerate,22.7187,-12.4521,30.97,14,0,2.19,MR,1696293636
80,vihari,30.0333,72.35,22.39,30,0,1.74,PK,1696293636
81,nuuk,64.1835,-51.7216,5.34,65,100,0.51,GL,1696293637
82,udachny,66.4167,112.4,-4.75,79,76,3.1,RU,1696293637
83,monywa,22.1167,95.1333,25.49,89,76,3.15,MM,1696293637
84,yeongdong,36.175,127.7764,13.32,60,100,0.46,KR,1696293637
85,el matama,16.7095,33.3565,33.95,21,20,2.97,SD,1696293638
86,simanggang,1.2472,111.4528,25.01,94,40,1.03,MY,1696293638
87,wang nam yen,13.5033,102.1812,23.75,97,100,1.42,TH,1696293638
88,alofi,-19.0595,-169.9187,24.94,65,75,8.75,NU,1696293638
89,visaginas,55.6,26.4167,11.89,88,100,3.89,LT,1696293638
90,road town,18.4167,-64.6167,29.05,84,75,5.14,VG,1696293639
91,santiago del estero,-27.7951,-64.2615,26.44,32,0,4.42,AR,1696293639
92,lepsy,46.235,78.9456,13.33,69,100,3.46,KZ,1696293639
93,freetown,8.484,-13.2299,25.39,87,100,2.67,SL,1696293639
94,dongfeng,42.6403,125.5118,17.46,58,99,7.03,CN,1696293640
95,esqueda,30.7167,-109.5833,23.67,32,0,8.26,MX,1696293640
96,hamilton,39.1834,-84.5333,24.44,70,0,0.0,US,1696293528
97,mogocha,53.7333,119.7667,4.3,95,96,1.34,RU,1696293640
98,martapura,-3.4167,114.85,26.05,83,29,1.54,ID,1696293640
99,mbaiki,3.8678,17.9892,22.34,87,99,0.92,CF,1696293641
100,port douglas,-16.4833,145.4667,25.22,71,71,3.87,AU,1696293641
101,coquimbo,-29.9533,-71.3436,13.85,82,0,3.6,CL,1696293021
102,longyearbyen,78.2186,15.6401,-3.09,68,75,6.69,SJ,1696293641
103,stanley,54.868,-1.6985,9.33,93,7,2.12,GB,1696293627
104,iqaluit,63.7506,-68.5145,2.85,86,100,5.14,CA,1696293613
105,yuzhno-sukhokumsk,44.6581,45.6436,17.52,61,100,4.13,RU,1696293642
106,sandnessjoen,66.0217,12.6316,7.29,85,100,7.24,NO,1696293642
107,lerwick,60.1545,-1.1494,12.0,83,4,8.89,GB,1696293642
108,usogorsk,63.4106,48.6872,3.7,90,100,1.78,RU,1696293642
109,zemio,5.0314,25.1361,20.52,98,100,0.97,CF,1696293643
110,tsiombe,-25.3,45.4833,17.52,64,16,5.32,MG,1696293643
111,shemonaikha,50.6328,81.9056,8.07,72,26,1.64,KZ,1696293643
112,serdar,38.9764,56.2757,16.07,31,0,3.06,TM,1696293643
113,bilibino,68.0546,166.4372,-8.36,92,99,0.88,RU,1696293643
114,tralee,52.2704,-9.7026,11.19,89,100,4.56,IE,1696293644
115,bobo-dioulasso,11.1771,-4.2979,24.45,86,86,1.69,BF,1696293644
116,korla,41.7597,86.1469,17.68,32,100,3.35,CN,1696293558
117,prado,-17.3411,-39.2208,24.25,94,100,4.38,BR,1696293644
118,punta arenas,-53.15,-70.9167,6.06,75,0,4.12,CL,1696293355
119,castillos,-34.1667,-53.8333,10.42,94,36,2.5,UY,1696293645
120,crane,31.3974,-102.3501,26.84,55,72,12.16,US,1696293645
121,bubaque,11.2833,-15.8333,28.05,81,99,2.78,GW,1696293645
122,pitimbu,-7.4706,-34.8086,25.33,73,7,4.35,BR,1696293645
123,college,64.8569,-147.8028,4.69,73,75,4.12,US,1696293645
124,lebu,-37.6167,-73.65,9.68,85,97,3.99,CL,1696293646
125,aasiaat,68.7098,-52.8699,-7.97,78,3,4.21,GL,1696293646
126,lihue,21.9789,-159.3672,28.58,69,0,4.63,US,1696293646
127,san-pedro,4.7485,-6.6363,24.35,93,94,3.18,CI,1696293646
128,la'ie,21.6477,-157.9253,30.98,71,15,3.81,US,1696293647
129,altamira,-3.2033,-52.2064,26.64,67,54,1.91,BR,1696293647
130,la ronge,55.1001,-105.2842,7.14,93,100,4.12,CA,1696293647
131,haiku-pauwela,20.9219,-156.3051,32.01,46,40,8.75,US,1696293647
132,hilo,19.7297,-155.09,26.16,83,100,6.69,US,1696293647
133,port elizabeth,-33.918,25.5701,12.16,94,0,2.06,ZA,1696293648
134,lompoc,34.6391,-120.4579,23.34,75,40,9.83,US,1696293648
135,likiep,9.8251,169.3107,28.8,78,95,7.02,MH,1696293648
136,sovetskaya gavan',48.9723,140.2878,10.06,83,87,7.07,RU,1696293649
137,puerto ayora,-0.7393,-90.3518,23.08,97,73,2.68,EC,1696293611
138,tura,25.5198,90.2201,23.49,97,35,1.75,IN,1696293620
139,port macquarie,-31.4333,152.9167,27.16,47,0,7.49,AU,1696293436
140,karabash,55.4808,60.2157,13.0,79,100,1.71,RU,1696293649
141,el abiodh sidi cheikh,32.893,0.5484,20.52,39,0,1.69,DZ,1696293650
142,thunder bay,48.4001,-89.3168,25.99,50,75,3.09,CA,1696293650
143,sittwe,20.15,92.9,25.08,94,99,6.76,MM,1696293650
144,beyneu,45.3167,55.2,14.9,61,11,5.02,KZ,1696293650
145,walvis bay,-22.9575,14.5053,12.83,100,6,3.09,NA,1696293650
146,taulaga,-11.0553,-171.0883,27.94,76,41,6.71,AS,1696293651
147,ar ruways,24.1103,52.7306,30.65,62,0,3.11,AE,1696293651
148,airuk,7.2772,168.8203,28.7,73,34,3.28,MH,1696293651
149,vilyuysk,63.7553,121.6247,-0.56,77,45,2.24,RU,1696293651
150,uliastay,47.7417,96.8444,2.52,71,5,1.03,MN,1696293652
151,gujrat,32.5728,74.079,21.98,37,0,0.31,PK,1696293652
152,saint-paul,-21.0096,55.2707,22.06,84,6,0.45,RE,1696293451
153,liberty,31.8335,-81.5004,22.14,88,0,1.54,US,1696293652
154,paita,-5.0892,-81.1144,20.51,79,84,7.95,PE,1696293652
155,fortuna,40.5982,-124.1573,17.19,78,0,6.17,US,1696293653
156,salalah,17.0151,54.0924,25.05,65,20,2.57,OM,1696293653
157,ha tinh,18.3333,105.9,27.08,82,89,1.08,VN,1696293653
158,maych'ew,12.7875,39.5422,13.37,58,0,2.58,ET,1696293653
159,mamuju,-2.6748,118.8885,28.88,75,71,1.03,ID,1696293653
160,alta,69.9689,23.2717,1.59,87,100,1.03,NO,1696293654
161,smithers,54.7804,-127.1743,11.18,82,75,2.57,CA,1696293610
162,woodlake,37.4211,-77.6793,20.87,90,0,0.0,US,1696293654
163,lae,-6.7221,146.9847,28.37,75,47,2.0,PG,1696293654
164,whitehorse,60.7161,-135.0538,11.43,64,40,7.2,CA,1696293655
165,talnakh,69.4865,88.3972,0.67,96,100,7.51,RU,1696293655
166,labuan,5.2767,115.2417,29.2,83,20,1.54,MY,1696293655
167,invercargill,-46.4,168.35,13.9,54,7,4.02,NZ,1696293655
168,al ghayzah,16.2079,52.176,25.2,81,0,1.66,YE,1696293656
169,askoy,60.4092,5.226,12.16,100,75,5.14,NO,1696293656
170,avarua,-21.2078,-159.775,24.03,64,75,4.12,CK,1696293656
171,nar'yan-mar,67.6713,53.087,3.95,78,77,9.39,RU,1696293656
172,fredericton,45.9454,-66.6656,12.47,89,0,2.06,CA,1696293656
173,ninghai,29.2892,121.4247,24.54,71,0,1.7,CN,1696293657
174,happy valley-goose bay,53.3168,-60.3315,8.17,57,75,3.09,CA,1696293657
175,ust'-ilimsk,58.0006,102.6619,-0.87,94,100,3.13,RU,1696293657
176,chakari,-18.0629,29.8925,15.61,72,0,3.96,ZW,1696293657
177,carmo do paranaiba,-19.0008,-46.3161,20.97,87,97,1.59,BR,1696293658
178,kavaratti,10.5669,72.642,27.69,74,100,2.8,IN,1696293658
179,pacific grove,36.6177,-121.9166,20.77,79,0,3.13,US,1696293420
180,bikaner,28.0167,73.3,27.83,25,0,3.95,IN,1696293561
181,betong,5.7743,101.0723,24.45,93,100,0.44,TH,1696293659
182,konarka,19.9,86.1167,27.22,90,100,4.79,IN,1696293659
183,ishigaki,24.3448,124.1572,29.07,94,75,9.26,JP,1696293659
184,el calafate,-50.3408,-72.2768,5.33,77,3,2.87,AR,1696293659
185,nagqu,31.5,92.0,4.0,81,14,1.87,CN,1696293660
186,sitka,57.0531,-135.33,11.94,87,100,4.63,US,1696293660
187,glasgow,55.8652,-4.2576,13.84,85,85,2.06,GB,1696293660
188,mili,6.0815,171.735,28.62,75,8,2.84,MH,1696293660
189,island harbour,50.724,-1.2758,17.74,88,100,2.68,GB,1696293660
190,shingu,33.7333,135.9833,23.74,42,17,1.7,JP,1696293661
191,maseru,-29.3167,27.4833,13.49,42,0,2.32,LS,1696293661
192,margate,51.3813,1.3862,19.27,82,100,1.34,GB,1696293661
193,pisco,-13.7,-76.2167,18.34,88,0,7.2,PE,1696293626
194,mangai,-4.05,19.5333,22.7,94,98,0.36,CD,1696293662
195,isafjordur,66.0755,-23.124,1.29,94,100,7.41,IS,1696293662
196,hithadhoo,-0.6,73.0833,27.7,74,100,5.62,MV,1696293662
197,gambela,8.25,34.5833,21.1,92,100,2.35,ET,1696293663
198,osorno,-40.5667,-73.15,9.17,71,100,2.57,CL,1696293663
199,wailua homesteads,22.0669,-159.378,28.24,75,0,4.63,US,1696293663
200,ebon,4.582,168.6964,29.04,72,2,2.18,MH,1696293663
201,hammerfest,70.6634,23.6821,0.25,93,75,1.54,NO,1696293664
202,auki,-8.7676,160.7034,29.4,73,89,2.9,SB,1696293664
203,plastun,44.7561,136.2939,13.38,66,0,2.24,RU,1696293664
204,touros,-5.1989,-35.4608,25.11,83,15,5.81,BR,1696293664
205,gizo,-8.103,156.8419,27.86,83,88,6.48,SB,1696293664
206,lazaro cardenas,17.9583,-102.2,27.54,86,100,0.81,MX,1696293665
207,vuktyl,63.8567,57.3094,5.06,81,54,4.47,RU,1696293665
208,diapaga,12.0708,1.7889,25.86,79,49,1.39,BF,1696293665
209,badger,64.8,-147.5333,4.64,75,75,4.12,US,1696293665
210,ghadamis,30.1337,9.5007,23.4,33,0,5.3,LY,1696293666
211,necochea,-38.5473,-58.7368,9.79,93,100,4.86,AR,1696293666
212,dudinka,69.4058,86.1778,0.9,96,100,10.28,RU,1696293666
213,villanueva,15.3167,-88.0,24.46,97,29,0.42,HN,1696293666
214,ulety,51.3572,112.4849,3.77,53,13,6.17,RU,1696293666
215,hotan,37.0997,79.9269,17.57,24,90,1.34,CN,1696293667
216,ciudad de armeria,18.9333,-103.9667,27.72,89,100,1.53,MX,1696293667
217,macapa,0.0389,-51.0664,28.99,74,20,4.63,BR,1696293667
218,namibe,-15.1961,12.1522,17.93,89,27,1.81,AO,1696293667
219,ostersund,63.1792,14.6357,6.25,100,20,4.12,SE,1696293668
220,saldanha,-33.0117,17.9442,15.03,90,0,6.7,ZA,1696293668
221,tabou,4.423,-7.3528,24.82,88,100,4.37,CI,1696293668
222,ta`u,-14.2336,-169.5144,26.76,81,44,9.56,AS,1696293668
223,el sauzal de rodriguez,31.9,-116.6833,19.12,72,0,4.51,MX,1696293669
224,port alfred,-33.5906,26.891,20.23,54,0,2.78,ZA,1696293669
225,bonthe,7.5264,-12.505,25.28,90,100,3.14,SL,1696293669
226,inhambane,-23.865,35.3833,20.27,61,95,3.01,MZ,1696293669
227,murzuq,25.9155,13.9184,24.01,49,7,8.31,LY,1696293670
228,gonabad,34.3529,58.6837,20.93,21,5,2.73,IR,1696293670
229,east london,-33.0153,27.9116,19.49,49,0,3.42,ZA,1696293431
230,west island,-12.1568,96.8225,24.99,73,75,6.69,CC,1696293610
231,eyl,7.9803,49.8164,25.7,84,27,4.1,SO,1696293670
232,saipan,15.1355,145.701,32.39,70,40,6.69,MP,1696293671
233,inari,68.906,27.0288,0.11,84,100,1.18,FI,1696293671
234,neftegorsk,52.802,51.166,11.88,51,100,2.38,RU,1696293671
235,sibirskiy,53.5777,83.7577,3.63,61,0,2.2,RU,1696293671
236,panaba,21.2833,-88.2667,26.92,84,5,3.36,MX,1696293672
237,saint-pierre,-21.3393,55.4781,21.82,64,0,3.6,RE,1696293672
238,enshi,30.3,109.4833,19.0,99,100,0.4,CN,1696293557
239,igunga,-4.2833,33.8833,21.85,41,54,4.58,TZ,1696293672
240,beloyarskiy,63.7119,66.6722,9.44,88,100,4.02,RU,1696293672
241,sinop,41.7711,34.8709,11.56,86,70,2.86,TR,1696293392
242,ust'-uda,54.1742,103.0304,1.55,68,100,0.45,RU,1696293673
243,hadibu,12.65,54.0333,26.46,84,23,2.26,YE,1696293673
244,saudarkrokur,65.7461,-19.6394,2.96,95,100,3.27,IS,1696293674
245,ketchikan,55.3422,-131.6461,12.26,94,100,5.14,US,1696293674
246,sawakin,19.1059,37.3321,28.57,75,0,2.81,SD,1696293674
247,narrabri,-30.3167,149.7833,28.07,35,0,3.13,AU,1696293674
248,georgetown,5.4112,100.3354,27.79,90,20,1.54,MY,1696293675
249,manokwari,-0.8667,134.0833,26.89,80,96,1.46,ID,1696293675
250,barentu,15.1139,37.5928,24.11,47,2,0.85,ER,1696293675
251,suva,-18.1416,178.4415,25.71,65,75,6.69,FJ,1696293675
252,sonoita,31.85,-112.8333,25.88,28,0,4.37,MX,1696293676
253,dwarka,22.2394,68.9678,26.44,76,2,3.58,IN,1696293560
254,broken hill,-31.95,141.4333,26.18,37,100,9.55,AU,1696293676
255,calvinia,-31.4707,19.776,18.23,32,0,1.38,ZA,1696293676
256,el colomo,19.05,-104.25,32.99,88,99,2.54,MX,1696293676
257,mejit,10.2753,170.8646,28.6,77,12,6.36,MH,1696293677
258,greenville,35.6127,-77.3663,21.97,80,0,2.06,US,1696293408
259,villamontes,-21.25,-63.5,27.24,41,0,0.5,BO,1696293677
260,kasane,-17.8167,25.15,20.4,58,0,5.19,BW,1696293677
261,acarau,-2.8856,-40.12,26.01,85,9,6.48,BR,1696293647
262,kibre mengist,5.8833,38.9833,15.73,95,100,0.65,ET,1696293678
263,hirara,24.8,125.2833,29.92,94,75,7.2,JP,1696293678
264,howrah,22.5892,88.3103,27.0,94,40,1.54,IN,1696293678
265,nova vicosa,-17.8919,-39.3719,24.53,90,100,5.36,BR,1696293630
266,slave lake,55.2834,-114.769,12.99,67,40,3.6,CA,1696293679
267,tshabong,-26.05,22.45,20.75,42,0,8.6,BW,1696293679
268,saltillo,25.4167,-101.0,25.68,53,40,5.14,MX,1696293131
269,antigonish,45.6169,-61.9986,11.82,92,3,0.89,CA,1696293679
270,erenhot,43.6475,111.9767,11.96,39,78,4.92,CN,1696293680
271,st. john's,47.5649,-52.7093,9.66,92,0,2.57,CA,1696293680
272,mont-tremblant,46.1949,-74.6264,16.32,77,27,0.0,CA,1696293412
273,port saint john's,-31.6229,29.5448,18.32,66,0,5.13,ZA,1696293680
274,alvaraes,-3.2208,-64.8042,28.0,41,100,0.34,BR,1696293680
275,muhlhausen,51.2167,10.45,17.91,71,63,1.89,DE,1696293681
276,saucillo,28.0167,-105.2833,22.48,55,98,11.17,MX,1696293681
277,emerald,-23.5333,148.1667,25.75,42,0,7.09,AU,1696293681
278,baijiantan,45.6333,85.1833,16.18,42,100,3.52,CN,1696293681
279,victorica,-36.2151,-65.4359,15.03,64,100,4.33,AR,1696293398
280,mermoz boabab,14.7065,-17.4758,27.88,94,0,0.0,SN,1696293682
281,lemvig,56.5486,8.3102,13.41,92,100,2.34,DK,1696293682
282,floro,61.5996,5.0328,12.98,82,100,9.77,NO,1696293682
283,chazuta,-6.5742,-76.1367,32.47,69,97,0.66,PE,1696293683
284,flying fish cove,-10.4217,105.6791,24.82,73,75,5.14,CX,1696293683
285,mahina,-17.5065,-149.489,26.87,74,100,5.14,PF,1696293683
286,lidzbark,53.2628,19.8266,15.44,74,100,3.24,PL,1696293439
287,el jadid,33.2549,-8.506,21.38,93,100,1.63,MA,1696293683
288,chui,-33.6971,-53.4616,11.16,93,91,2.8,UY,1696293684
289,punta del este,-34.9667,-54.95,12.71,92,0,4.02,UY,1696293684
290,mount gambier,-37.8333,140.7667,15.97,52,60,5.74,AU,1696293684
291,kolonia,50.9333,6.95,21.35,77,0,1.54,DE,1696293596
292,freeport,40.6576,-73.5832,20.99,81,0,2.06,US,1696293685
293,changping,40.2186,116.2197,14.8,46,0,0.93,CN,1696293685
294,hajjah,15.6943,43.6058,19.89,43,0,1.53,YE,1696293685
295,ottappalam,10.7667,76.3833,23.91,98,41,0.57,IN,1696293685
296,dyersburg,36.0345,-89.3856,26.95,57,0,0.0,US,1696293686
297,tecuala,22.3986,-105.4569,28.17,81,15,2.2,MX,1696293686
298,sansepolcro,43.5747,12.143,20.5,63,17,0.45,IT,1696293686
299,akbarabad,29.2464,52.7793,17.79,31,0,0.33,IR,1696293686
300,kununurra,-15.7667,128.7333,31.99,55,5,3.6,AU,1696293687
301,san matias,-16.3667,-58.4,30.76,40,52,2.46,BO,1696293687
302,utrik,11.2278,169.8474,28.76,78,30,6.4,MH,1696293687
303,abashiri,44.0213,144.2697,17.16,55,75,3.6,JP,1696293687
304,puerto lempira,15.2667,-83.7667,30.08,70,40,3.6,HN,1696293687
305,solleftea,63.1667,17.2667,3.92,95,46,0.8,SE,1696293688
306,souillac,-20.5167,57.5167,21.21,88,20,2.57,MU,1696293688
307,holmsund,63.706,20.3641,4.97,100,100,1.54,SE,1696293688
308,healesville,-37.65,145.5167,18.03,98,100,4.05,AU,1696293688
309,aglona,56.1333,27.0167,10.94,89,100,3.46,LV,1696293689
310,itoman,26.1247,127.6694,30.21,91,75,5.14,JP,1696293689
311,kanniyakumari,8.0833,77.5667,26.01,87,100,6.67,IN,1696293561
312,sao jose da coroa grande,-8.8978,-35.1478,24.14,79,15,3.16,BR,1696293689
313,nizamabad,18.6667,78.1167,22.61,86,99,3.08,IN,1696293689
314,suntar,62.1444,117.6319,-2.71,87,29,1.79,RU,1696293690
315,forster,-32.1667,152.5167,30.21,55,0,5.97,AU,1696293690
316,tarija,-21.5355,-64.7296,21.95,43,45,2.06,BO,1696293690
317,amalapuram,16.5833,82.0167,25.52,90,91,1.83,IN,1696293691
318,ampanihy,-24.7,44.75,15.04,70,0,4.74,MG,1696293691
319,shenjiamen,29.9576,122.298,24.69,64,18,6.48,CN,1696293691
320,broome,42.2506,-75.833,19.25,93,0,0.71,US,1696293691
321,puning,23.3107,116.1687,27.68,78,17,0.64,CN,1696293692
322,taltal,-25.4,-70.4833,16.2,78,8,2.4,CL,1696293692
323,al kharijah,25.4514,30.5464,24.55,42,84,4.72,EG,1696293692
324,turtas,58.9417,69.1325,10.82,82,100,3.96,RU,1696293692
325,brookings,44.3114,-96.7984,28.19,46,0,0.89,US,1696293692
326,rampur,28.8167,79.0333,19.93,48,7,3.16,IN,1696293693
327,dakingari,11.6451,4.0605,25.67,83,98,3.39,NG,1696293693
328,kralendijk,12.15,-68.2667,29.99,79,0,3.6,BQ,1696293693
329,machico,32.7,-16.7667,23.35,82,40,5.66,PT,1696293693
330,diyarbakir,37.9158,40.2189,14.99,88,75,0.51,TR,1696293693
331,kapuskasing,49.4169,-82.4331,23.05,64,75,5.66,CA,1696293694
332,priargunsk,50.3691,119.1012,8.77,80,100,1.72,RU,1696293694
333,deqen,29.9618,90.7188,9.82,79,83,1.79,CN,1696293694
334,ferkessedougou,9.6,-5.2,23.39,94,85,1.7,CI,1696293694
335,mount isa,-20.7333,139.5,31.87,22,0,5.66,AU,1696293695
336,mutoko,-17.397,32.2268,10.59,95,0,1.41,ZW,1696293695
337,yala,6.3333,101.25,26.22,85,100,0.83,TH,1696293695
338,barabai,-2.5833,115.3833,31.86,49,80,0.36,ID,1696293695
339,katsuren-haebaru,26.3369,127.8719,30.21,89,75,5.14,JP,1696293696
340,egilsstadir,65.2653,-14.3948,4.95,93,100,6.69,IS,1696293696
341,san patricio,28.017,-97.5169,29.35,81,0,6.08,US,1696293696
342,kidal,18.4411,1.4078,31.74,24,43,4.23,ML,1696293697
343,langepas,61.2544,75.2124,9.12,86,100,5.73,RU,1696293697
344,kitimat,54.0524,-128.6534,13.21,79,59,2.68,CA,1696293697
345,chanute,37.6792,-95.4572,26.82,57,0,2.57,US,1696293442
346,barguzin,53.6167,109.6167,4.1,70,82,2.68,RU,1696293697
347,forked river,39.8398,-74.1901,19.19,84,0,2.35,US,1696293698
348,kruisfontein,-34.0033,24.7314,18.41,36,0,3.32,ZA,1696293669
349,inverloch,-38.6333,145.7167,15.07,93,100,6.64,AU,1696293698
350,muisne,0.6,-80.0333,24.47,81,93,5.57,EC,1696293698
351,mudgal,16.0167,76.4333,22.35,84,100,5.27,IN,1696293698
352,luderitz,-26.6481,15.1594,16.63,71,0,3.26,NA,1696293699
353,geraldton,-28.7667,114.6,18.23,45,100,6.69,AU,1696293699
354,jablonna,52.3788,20.9175,16.16,86,0,3.6,PL,1696293699
355,bikenibeu village,1.3673,173.1241,31.98,70,40,2.57,KI,1696293699
356,comodoro rivadavia,-45.8667,-67.5,4.92,48,0,2.06,AR,1696293700
357,nemuro,43.3236,145.575,15.83,67,6,10.62,JP,1696293693
358,tromso,69.6496,18.957,3.01,87,100,3.09,NO,1696293700
359,kirakira,-10.4544,161.9205,29.54,75,63,5.85,SB,1696293700
360,papao,-17.75,-149.55,26.82,82,0,6.97,PF,1696293700
361,chernyshevskiy,63.0128,112.4714,-2.59,81,95,2.89,RU,1696293701
362,inarajan village,13.2736,144.7484,28.54,94,95,6.32,GU,1696293613
363,carnarvon,-24.8667,113.6333,17.82,50,0,11.55,AU,1696293701
364,palmer,42.1584,-72.3287,16.19,81,20,0.0,US,1696293701
365,yerofey pavlovich,53.9667,121.9667,5.9,86,97,1.22,RU,1696293701
366,gravenhurst,44.9168,-79.3663,20.76,77,75,1.03,CA,1696293702
367,al jawf,29.5,38.75,23.25,43,100,2.05,SA,1696293702
368,camarinas,43.1311,-9.1817,18.29,85,100,3.83,ES,1696293702
369,guerrero negro,27.9769,-114.0611,19.76,64,3,7.5,MX,1696293702
370,rovaniemi,66.5,25.7167,6.67,93,100,1.54,FI,1696293508
371,ondjiva,-17.0667,15.7333,30.02,25,44,3.09,AO,1696293703
372,san paolo di civitate,41.7383,15.2602,19.18,53,7,0.86,IT,1696293703
373,pader palwo,2.8006,33.135,19.05,92,74,0.73,UG,1696293703
374,new norfolk,-42.7826,147.0587,20.72,81,76,4.85,AU,1696293652
375,sao joao da barra,-21.6403,-41.0511,23.05,95,100,2.53,BR,1696293611
376,murghob,38.1702,73.9667,0.21,56,0,1.79,TJ,1696293704
377,bugana,7.9992,7.5836,23.83,97,100,0.8,NG,1696293704
378,yonggwang-up,40.0183,127.4547,19.27,47,100,0.19,KP,1696293704
379,scalea,39.813,15.7956,21.72,56,0,1.96,IT,1696293704
380,vorkuta,67.5,64.0,1.11,82,100,7.91,RU,1696293705
381,daru,-9.0763,143.2092,27.34,74,68,5.22,PG,1696293705
382,kerikeri,-35.2268,173.9474,19.39,65,0,2.24,NZ,1696293641
383,san juan de uraba,8.7592,-76.5297,26.31,92,100,3.4,CO,1696293705
384,ust'-kut,56.7938,105.7672,-2.53,93,98,2.24,RU,1696293705
385,coruripe,-10.1256,-36.1756,23.55,80,0,5.43,BR,1696293706
386,sinabang,2.4803,96.3801,26.77,77,97,4.91,ID,1696293706
387,turbat,26.0023,63.044,28.83,32,0,0.57,PK,1696293706
388,carutapera,-1.195,-46.02,26.71,83,56,4.65,BR,1696293706
389,vyaz'ma,55.2104,34.2951,6.14,89,14,2.47,RU,1696293707
390,kulhudhuffushi,6.6221,73.07,27.39,79,89,8.34,MV,1696293707
391,callao,-12.0667,-77.15,20.95,82,75,5.14,PE,1696293707
392,tortoli,39.9256,9.6572,20.9,56,0,4.12,IT,1696293707
393,minas de marcona,-15.2119,-75.1103,13.68,86,83,5.87,PE,1696293708
394,ciudad constitucion,25.0369,-111.6644,24.48,54,98,7.1,MX,1696293708
395,oshakati,-17.7833,15.6833,31.01,31,91,5.0,NA,1696293708
396,zhezqazghan,47.7833,67.7667,9.22,79,9,3.35,KZ,1696293709
397,boa vista,2.8197,-60.6733,33.99,40,0,1.54,BR,1696293709
398,kapa'a,22.0752,-159.319,28.99,75,0,4.63,US,1696293709
399,yorkton,51.2167,-102.4677,12.91,94,75,1.03,CA,1696293709
400,motygino,58.1831,94.7592,3.77,54,100,4.47,RU,1696293710
401,tolanaro,-25.0319,46.9987,20.04,60,75,5.14,MG,1696293710
402,young,-32.6833,-57.6333,10.97,87,100,4.02,UY,1696293710
403,wick,58.4333,-3.0833,11.03,87,1,5.14,GB,1696293710
404,nogliki,51.8333,143.1667,10.75,96,100,11.18,RU,1696293710
405,robbah,33.2797,6.9098,23.8,51,0,4.3,DZ,1696293711
406,lamarque,-39.423,-65.7021,13.94,68,0,4.46,AR,1696293711
407,nuku'alofa,-21.1333,-175.2,22.19,68,75,8.23,TO,1696293711
408,calchaqui,-29.8877,-60.287,17.08,52,0,4.88,AR,1696293712
409,fort bragg,35.139,-79.006,22.75,75,0,2.06,US,1696293712
410,ambam,2.3833,11.2833,20.7,99,100,1.62,CM,1696293712
411,kulunda,52.566,78.9385,6.0,56,4,3.43,RU,1696293712
412,villa maria grande,-31.6656,-59.9018,14.87,67,22,4.59,AR,1696293712
413,seminole,28.7086,-81.2081,26.7,82,100,2.57,US,1696293674
414,trondheim,63.4305,10.3951,10.05,95,99,0.45,NO,1696293713
415,burayevo,55.8407,55.4083,12.57,74,100,2.7,RU,1696293713
416,iwanai,42.9744,140.5089,15.33,75,97,6.43,JP,1696293713
417,waitara,-38.925,174.25,15.83,47,50,5.81,NZ,1696293713
418,pangody,65.85,74.4859,8.47,89,100,9.15,RU,1696293714
419,maturin,9.75,-63.1767,24.28,96,100,1.32,VE,1696293278
420,cremona,45.2333,9.9333,19.39,70,0,0.14,IT,1696293714
421,klyuchi,52.2667,79.1667,3.23,56,15,3.48,RU,1696293616
422,villa berthet,-27.2917,-60.4126,22.12,40,0,5.18,AR,1696293714
423,chibougamau,49.9168,-74.3659,15.79,94,75,3.09,CA,1696293715
424,nguti,5.3299,9.4185,22.77,98,95,0.42,CM,1696293715
425,brandon,27.9378,-82.2859,27.95,73,0,3.09,US,1696293715
426,mitu,1.1983,-70.1733,26.17,74,100,0.56,CO,1696293715
427,sanya,18.2431,109.505,28.09,83,0,1.0,CN,1696293655
428,miracema do tocantins,-9.5618,-48.3967,30.14,30,11,1.96,BR,1696293716
429,balabac,7.9868,117.0645,29.1,72,100,4.53,PH,1696293716
430,ratnagiri,16.9833,73.3,26.04,83,100,3.17,IN,1696293717
431,vila do maio,15.1333,-23.2167,26.44,81,100,3.71,CV,1696293717
432,roma,43.2128,-75.4557,18.74,91,0,0.0,US,1696293717
433,arraial do cabo,-22.9661,-42.0278,20.98,88,75,1.03,BR,1696293717
434,volksrust,-27.3654,29.8818,9.95,73,0,1.95,ZA,1696293717
435,chenzhou,25.8,113.0333,24.7,92,100,1.56,CN,1696293718
436,sao miguel do araguaia,-13.275,-50.1628,31.64,34,94,0.85,BR,1696293718
437,portland,45.5234,-122.6762,14.43,94,100,5.81,US,1696293209
438,edd,13.9297,41.6925,31.22,58,0,4.5,ER,1696293718
439,vinton,37.281,-79.897,21.35,84,9,0.3,US,1696293520
440,guelmim,28.987,-10.0574,26.84,22,0,2.58,MA,1696293719
441,rabigh,22.7986,39.0349,28.45,78,0,2.01,SA,1696293719
442,bijar,35.8668,47.6051,10.87,71,86,1.9,IR,1696293719
443,rawai,7.7797,98.3253,25.06,81,100,5.43,TH,1696293719
444,tindouf,27.6711,-8.1474,27.25,19,23,4.12,DZ,1696293720
445,sao felipe,-14.8167,-41.3833,24.6,65,100,1.17,BR,1696293720
446,troitsko-pechorsk,62.7084,56.1964,7.05,85,100,4.02,RU,1696293720
447,kuching,1.55,110.3333,28.96,86,20,0.51,MY,1696293496
448,kavieng,-2.5744,150.7967,28.49,75,69,2.2,PG,1696293720
449,cambridge,43.3601,-80.3127,22.63,81,5,2.05,CA,1696293488
450,ridgecrest,35.6225,-117.6709,24.82,27,20,2.06,US,1696293721
451,heinola,61.2056,26.0381,10.56,95,100,3.4,FI,1696293721
452,hood river,45.7054,-121.5215,15.89,86,100,4.02,US,1696293721
453,paijan,-7.7333,-79.3022,18.57,81,98,3.78,PE,1696293721
454,labrador city,52.9463,-66.9114,4.95,93,100,2.06,CA,1696293722
455,sabha,27.0377,14.4283,24.41,31,0,6.02,LY,1696293722
456,dryden,49.7833,-92.7503,25.16,61,75,2.57,CA,1696293722
457,pudasjarvi,65.3833,26.9167,5.63,96,100,1.6,FI,1696293490
458,svetlyy,54.675,20.1347,17.98,55,100,4.46,RU,1696293723
459,siracusa,37.0881,15.2792,19.77,65,0,2.33,IT,1696293723
460,lumut,4.2323,100.6298,25.01,94,20,1.03,MY,1696293723
461,jiangzi,28.95,89.6333,8.07,51,59,1.89,CN,1696293724
462,arkhangel'sk,64.5401,40.5433,3.4,84,100,2.63,RU,1696293724
463,bangui,4.3612,18.555,22.1,94,100,0.0,CF,1696293725
464,xam nua,20.4197,104.0439,23.43,76,70,0.27,LA,1696293725
465,buka,40.8108,69.1986,12.53,40,0,1.48,UZ,1696293725
466,kone,-21.0595,164.8658,25.99,53,94,4.25,NC,1696293725
467,diamantino,-14.4086,-56.4461,28.59,56,17,2.15,BR,1696293431
468,kamen'-rybolov,44.7481,132.0403,9.75,70,11,2.24,RU,1696293726
469,aral,40.5156,81.2636,18.33,30,98,1.88,CN,1696293726
470,bamboo flat,11.7,92.7167,25.05,94,100,2.57,IN,1696293726
471,karymskoye,51.6167,114.35,4.59,49,11,6.87,RU,1696293726
472,yeosu,34.7546,127.6599,19.98,60,100,4.12,KR,1696293727
473,adre,13.4667,22.2,24.06,66,100,2.48,TD,1696293727
474,newport,51.5877,-2.9984,12.88,89,100,2.35,GB,1696293687
475,benghazi,32.1167,20.0667,23.54,64,0,4.7,LY,1696293727
476,newcastle,-32.9272,151.7765,32.58,37,0,2.24,AU,1696293727
477,awjilah,29.1081,21.2869,21.24,66,4,3.74,LY,1696293728
478,brooks,50.5834,-111.8851,12.99,65,100,1.54,CA,1696293302
479,praia da vitoria,38.7333,-27.0667,20.14,73,20,5.6,PT,1696293728
480,antalaha,-14.9003,50.2788,20.93,89,7,1.63,MG,1696293728
481,sevastopol,44.6,33.5333,14.22,45,0,1.34,UA,1696293729
482,okha,53.5739,142.9478,8.85,85,100,8.38,RU,1696293729
483,wuwei,37.9281,102.6414,15.29,57,100,0.77,CN,1696293729
484,mokhsogollokh,61.4681,128.9203,5.06,80,100,3.39,RU,1696293729
485,dabakala,8.3667,-4.4333,22.78,98,100,1.98,CI,1696293730
486,kodinsk,58.6881,99.1844,-1.98,89,100,1.98,RU,1696293730
487,corner brook,48.9667,-57.9484,7.09,80,100,1.99,CA,1696293730
488,abeche,13.8292,20.8324,26.5,66,44,4.61,TD,1696293730
489,muli,2.9167,73.5667,27.69,79,100,5.26,MV,1696293731
490,boden,65.8252,21.6886,6.0,98,100,0.83,SE,1696293731
491,bacchus marsh,-37.6727,144.4383,17.17,87,100,0.89,AU,1696293731
492,teluk nibung,3.001,99.8164,25.56,90,100,1.69,ID,1696293731
493,karagandy,49.8019,73.1021,6.97,71,13,7.11,KZ,1696293732
494,tamulte de las sabanas,18.2167,-92.7833,30.07,85,92,1.67,MX,1696293732
495,aksu,41.1231,80.2644,16.27,48,69,1.92,CN,1696293559
496,vila velha,-20.3297,-40.2925,23.97,88,75,1.54,BR,1696293649
497,cidreira,-30.1811,-50.2056,14.55,80,4,2.46,BR,1696293653
498,karasuk,53.7377,78.0403,6.1,50,0,1.79,RU,1696293733
499,dergachi,51.2328,48.7659,14.14,52,100,1.01,RU,1696293733
500,sisimiut,66.9395,-53.6735,1.05,63,8,2.93,GL,1696293733
501,esfarayen,37.0765,57.5101,8.81,26,51,1.3,IR,1696293734
502,remire-montjoly,4.9167,-52.2667,27.02,83,0,2.57,GF,1696293734
503,chinchani,19.8667,72.7,25.11,82,57,1.48,IN,1696293734
504,qamdo,31.1667,97.2333,7.7,62,8,1.53,CN,1696293734
505,el nido,11.1858,119.3956,28.77,78,100,6.36,PH,1696293734
506,namtsy,62.7161,129.6658,6.75,84,100,1.3,RU,1696293735
507,berdigestyakh,62.0989,126.6992,0.72,91,100,3.13,RU,1696293674
508,phan thiet,10.9333,108.1,26.76,87,87,3.15,VN,1696293735
509,essaouira,31.5125,-9.77,26.72,29,8,3.09,MA,1696293735
510,yigo village,13.5361,144.8886,27.63,86,75,4.63,GU,1696293736
511,prince albert,53.2001,-105.7677,7.97,93,100,4.12,CA,1696293736
512,howard springs,-12.497,131.047,28.95,42,95,0.52,AU,1696293736
513,camana,-16.6228,-72.7111,17.88,88,36,2.96,PE,1696293657
514,al bawiti,28.3492,28.8659,21.01,58,13,3.56,EG,1696293736
515,vilyuchinsk,52.9306,158.4028,8.85,81,100,3.76,RU,1696293737
516,ulbroka,56.9411,24.2897,14.38,96,100,3.6,LV,1696293737
517,nova sintra,14.8667,-24.7167,23.34,82,20,5.32,CV,1696293737
518,alburquerque,39.2208,-7.0023,18.51,48,82,0.68,ES,1696293737
519,tefe,-3.3542,-64.7114,28.59,39,100,0.31,BR,1696293738
520,kargil,34.5667,76.1,3.49,65,0,1.66,IN,1696293738
521,la palma,33.8464,-118.0467,23.84,62,0,5.66,US,1696293738
522,piti village,13.4626,144.6933,28.5,87,100,4.63,GU,1696293738
523,cooper's town,26.8667,-77.5167,27.42,66,6,8.66,BS,1696293739
524,maun,-19.9833,23.4167,20.49,54,0,6.08,BW,1696293739
525,polyarnyy,69.1989,33.4478,1.92,75,100,3.26,RU,1696293739
526,dikirnis,31.0887,31.5943,20.19,65,3,2.17,EG,1696293739
527,arno,60.1167,18.6333,12.1,94,99,4.6,SE,1696293740
528,chivhu,-19.0211,30.8922,10.17,92,57,3.78,ZW,1696293740
529,talara,-4.5772,-81.2719,23.42,78,0,7.4,PE,1696293740
530,gozyeri,40.866,32.5417,7.44,98,47,1.59,TR,1696293740
531,aswan,24.0934,32.907,28.61,28,0,4.63,EG,1696293740
532,dondo,-19.6094,34.7431,22.73,72,10,2.44,MZ,1696293741
533,keetmanshoop,-26.5833,18.1333,22.51,28,0,2.06,NA,1696293741
534,flin flon,54.7682,-101.865,6.06,96,100,2.01,CA,1696293527
535,san antonio de pale,-1.4014,5.6325,25.4,84,100,5.25,GQ,1696293610
536,cururupu,-1.8283,-44.8683,25.55,84,77,2.53,BR,1696293724
537,simplicio mendes,-7.8539,-41.9103,26.95,24,3,2.38,BR,1696293742
538,igarka,67.4667,86.5833,1.67,100,100,9.24,RU,1696293615
539,ekibastuz,51.6667,75.3667,5.67,62,12,3.22,KZ,1696293742
540,lauro de freitas,-12.8944,-38.3272,25.01,83,20,5.66,BR,1696293488
541,fonte boa,-2.4959,-66.2662,27.57,60,100,0.28,BR,1696293742
542,coronel oviedo,-25.4167,-56.45,20.65,52,1,2.36,PY,1696293743
543,acajutla,13.5928,-89.8275,27.75,81,51,0.67,SV,1696293743
544,mao,39.8885,4.2658,21.31,94,0,2.06,ES,1696293743
545,jawhar,2.7809,45.5005,24.74,87,4,3.94,SO,1696293744
546,novodvinsk,64.4165,40.8122,3.21,84,100,2.55,RU,1696293744
547,buon ma thuot,12.6667,108.05,22.37,98,100,0.58,VN,1696293744
548,le port,-20.9373,55.2919,22.0,83,10,1.11,RE,1696293744
549,melfi,40.9965,15.6514,16.17,53,0,1.89,IT,1696293745
550,mahibadhoo,3.7833,72.9667,27.1,80,100,4.2,MV,1696293745
551,xapuri,-10.6517,-68.5044,27.91,67,56,0.92,BR,1696293745
552,rio grande,-32.035,-52.0986,13.06,87,1,4.07,BR,1696293447
553,ryotsu-minato,38.0833,138.4333,20.83,45,66,1.52,JP,1696293746
554,azna,33.6095,48.9307,15.57,58,46,1.79,IR,1696293746
555,pathein,16.7833,94.7333,25.15,94,99,1.76,MM,1696293746
556,huarmey,-10.0681,-78.1522,19.85,86,99,4.14,PE,1696293746
557,mizdah,31.4451,12.9801,18.16,81,0,3.92,LY,1696293746
558,keflavik,64.0049,-22.5624,6.24,75,75,7.2,IS,1696293675
559,rodos,36.4408,28.2225,25.44,59,40,3.13,GR,1696293747
560,bezenchuk,52.982,49.4333,12.39,56,100,1.15,RU,1696293747
561,beledweyne,4.7358,45.2036,25.67,72,84,7.73,SO,1696293747
562,mbuji-mayi,-6.15,23.6,23.45,73,9,0.76,CD,1696293748
563,okhotsk,59.3833,143.3,6.18,77,6,4.67,RU,1696293666
564,nizhneudinsk,54.9076,99.0276,2.23,89,100,0.89,RU,1696293748
565,westport,41.1415,-73.3579,18.87,79,0,0.45,US,1696293748
566,iquique,-20.2208,-70.1431,18.02,84,77,0.88,CL,1696293749
567,cruzeiro do sul,-29.5128,-51.9853,10.31,94,0,0.65,BR,1696293749
